1.2.3.4,31828,443,1638188438
10.1.1.1,52416,22,1638188438
0.0.0.0,43905,23,1638188438
10.1.1.1,6476,68,1638188438
10.1.1.1,10425,443,1638188438
1.2.3.4,50785,68,1638188438
10.1.1.1,25294,68,1638188438
1.2.3.4,62115,8080,1638188438
0.0.0.0,36523,23,1638188438
1.2.3.4,3251,443,1638188438
1.2.3.4,53002,80,1638188438
0.0.0.0,58223,68,1638188438
0.0.0.0,24617,80,1638188438
1.2.3.4,22815,8080,1638188438
1.2.3.4,51651,23,1638188438
10.1.1.1,11807,68,1638188438
0.0.0.0,23771,80,1638188438
1.2.3.4,39366,8080,1638188438
1.2.3.4,26086,22,1638188438
1.2.3.4,12091,443,1638188438
0.0.0.0,32141,8080,1638188438
0.0.0.0,57932,80,1638188438
0.0.0.0,63792,22,1638188438
0.0.0.0,50634,23,1638188438
0.0.0.0,34259,8080,1638188438
1.2.3.4,56056,68,1638188438
1.2.3.4,11697,68,1638188438
0.0.0.0,62025,8080,1638188438
0.0.0.0,33807,443,1638188438
10.1.1.1,59674,68,1638188438
10.1.1.1,14260,22,1638188438
1.2.3.4,31099,443,1638188438
0.0.0.0,42113,68,1638188438
1.2.3.4,13062,68,1638188438
10.1.1.1,58928,8080,1638188438
0.0.0.0,27826,80,1638188438
1.2.3.4,25324,8080,1638188438
1.2.3.4,40866,80,1638188438
0.0.0.0,49162,80,1638188438
1.2.3.4,40749,443,1638188438
0.0.0.0,8864,68,1638188438
1.2.3.4,23790,23,1638188438
10.1.1.1,62591,23,1638188438
1.2.3.4,26900,68,1638188438
1.2.3.4,8431,22,1638188438
1.2.3.4,49202,8080,1638188438
10.1.1.1,28922,22,1638188438
10.1.1.1,12126,68,1638188438
0.0.0.0,45131,443,1638188438
0.0.0.0,40647,68,1638188438
0.0.0.0,50504,8080,1638188438
1.2.3.4,3832,23,1638188438
0.0.0.0,27009,8080,1638188438
1.2.3.4,20945,68,1638188438
0.0.0.0,26466,80,1638188438
0.0.0.0,33615,22,1638188438
10.1.1.1,23618,68,1638188438
1.2.3.4,59827,8080,1638188438
10.1.1.1,50949,68,1638188438
0.0.0.0,61113,80,1638188438
10.1.1.1,53091,8080,1638188438
0.0.0.0,6571,443,1638188438
10.1.1.1,24175,80,1638188438
1.2.3.4,16600,68,1638188438
1.2.3.4,18360,68,1638188438
0.0.0.0,14064,8080,1638188438
10.1.1.1,62706,80,1638188438
1.2.3.4,18052,23,1638188438
1.2.3.4,43273,22,1638188438
1.2.3.4,58250,68,1638188438
1.2.3.4,37276,68,1638188438
0.0.0.0,55645,22,1638188438
1.2.3.4,54773,22,1638188438
1.2.3.4,48220,8080,1638188438
1.2.3.4,2966,68,1638188438
10.1.1.1,3403,22,1638188438
10.1.1.1,24510,23,1638188438
0.0.0.0,15661,80,1638188438
0.0.0.0,46964,68,1638188498
1.2.3.4,63607,23,1638188498
1.2.3.4,20322,23,1638188498
10.1.1.1,2133,68,1638188498
10.1.1.1,42238,80,1638188498
0.0.0.0,51821,443,1638188498
1.2.3.4,11204,23,1638188498
1.2.3.4,13786,8080,1638188498
10.1.1.1,31025,23,1638188498
0.0.0.0,324,80,1638188498
10.1.1.1,49467,80,1638188498
10.1.1.1,27687,23,1638188498
0.0.0.0,61794,22,1638188498
10.1.1.1,16003,443,1638188498
0.0.0.0,9292,22,1638188498
0.0.0.0,49490,80,1638188498
10.1.1.1,36788,22,1638188498
1.2.3.4,63114,443,1638188498
10.1.1.1,35074,8080,1638188498
1.2.3.4,5506,80,1638188498
0.0.0.0,31200,80,1638188498
10.1.1.1,2304,68,1638188498
0.0.0.0,18394,23,1638188498
0.0.0.0,4832,443,1638188498
1.2.3.4,50948,443,1638188498
0.0.0.0,21159,22,1638188498
0.0.0.0,58419,443,1638188498
10.1.1.1,19008,23,1638188498
1.2.3.4,60471,443,1638188498
1.2.3.4,46712,22,1638188498
1.2.3.4,50472,68,1638188498
1.2.3.4,2923,22,1638188498
0.0.0.0,13780,23,1638188498
1.2.3.4,1777,443,1638188498
10.1.1.1,53992,8080,1638188498
10.1.1.1,37586,22,1638188498
10.1.1.1,37825,22,1638188498
0.0.0.0,6496,68,1638188498
0.0.0.0,25552,443,1638188498
1.2.3.4,27245,80,1638188498
0.0.0.0,33611,22,1638188498
1.2.3.4,15560,22,1638188498
0.0.0.0,7635,22,1638188498
0.0.0.0,12132,443,1638188498
0.0.0.0,61571,68,1638188498
1.2.3.4,38228,80,1638188498
1.2.3.4,25339,23,1638188498
0.0.0.0,62497,80,1638188498
1.2.3.4,5274,23,1638188498
10.1.1.1,22949,80,1638188498
10.1.1.1,16495,23,1638188498
10.1.1.1,56027,23,1638188498
0.0.0.0,15000,443,1638188498
10.1.1.1,62927,443,1638188498
0.0.0.0,62661,443,1638188498
10.1.1.1,45533,8080,1638188558
0.0.0.0,12031,80,1638188558
10.1.1.1,40889,68,1638188558
1.2.3.4,15663,80,1638188558
0.0.0.0,28976,22,1638188558
0.0.0.0,37111,80,1638188558
0.0.0.0,47452,80,1638188558
0.0.0.0,11465,68,1638188558
1.2.3.4,10158,68,1638188558
1.2.3.4,27939,80,1638188558
1.2.3.4,36689,22,1638188558
1.2.3.4,46504,80,1638188558
1.2.3.4,5658,68,1638188558
1.2.3.4,8247,8080,1638188558
10.1.1.1,27620,8080,1638188558
0.0.0.0,34457,23,1638188558
0.0.0.0,18100,8080,1638188558
0.0.0.0,22267,22,1638188558
1.2.3.4,29741,80,1638188558
0.0.0.0,33893,443,1638188558
1.2.3.4,38105,22,1638188558
10.1.1.1,38205,68,1638188558
0.0.0.0,51631,22,1638188558
0.0.0.0,61434,68,1638188558
0.0.0.0,20506,68,1638188558
10.1.1.1,14297,80,1638188558
1.2.3.4,26538,443,1638188558
1.2.3.4,60862,443,1638188558
10.1.1.1,48743,68,1638188558
10.1.1.1,53670,443,1638188558
10.1.1.1,32384,443,1638188558
0.0.0.0,17368,22,1638188558
0.0.0.0,4900,443,1638188558
10.1.1.1,1147,22,1638188558
0.0.0.0,4166,23,1638188558
10.1.1.1,22526,22,1638188558
10.1.1.1,35293,23,1638188558
1.2.3.4,41368,8080,1638188558
0.0.0.0,4872,22,1638188558
10.1.1.1,11765,68,1638188558
0.0.0.0,24981,22,1638188558
10.1.1.1,3959,68,1638188558
1.2.3.4,28556,23,1638188558
10.1.1.1,18478,23,1638188558
1.2.3.4,55759,8080,1638188558
10.1.1.1,5763,8080,1638188558
1.2.3.4,57143,22,1638188558
1.2.3.4,16546,22,1638188558
1.2.3.4,36005,80,1638188558
1.2.3.4,16817,443,1638188558
10.1.1.1,38004,443,1638188558
10.1.1.1,23692,23,1638188558
1.2.3.4,57462,68,1638188558
1.2.3.4,13320,22,1638188558
1.2.3.4,6698,80,1638188558
0.0.0.0,7324,8080,1638188558
0.0.0.0,62721,22,1638188558
0.0.0.0,49954,443,1638188558
1.2.3.4,26130,443,1638188558
1.2.3.4,37366,23,1638188558
1.2.3.4,45922,23,1638188558
0.0.0.0,49223,443,1638188558
10.1.1.1,6321,23,1638188558
0.0.0.0,31947,80,1638188558
10.1.1.1,43823,23,1638188558
10.1.1.1,24754,23,1638188558
0.0.0.0,16511,443,1638188558
0.0.0.0,29741,8080,1638188558
0.0.0.0,26934,8080,1638188558
0.0.0.0,26308,23,1638188558
0.0.0.0,4335,443,1638188558
0.0.0.0,33905,443,1638188558
0.0.0.0,18469,68,1638188558
0.0.0.0,44004,443,1638188558
10.1.1.1,4366,22,1638188558
1.2.3.4,51032,68,1638188558
1.2.3.4,57921,22,1638188558
0.0.0.0,32441,8080,1638188558
0.0.0.0,31549,80,1638188558
1.2.3.4,1000,80,1638188558
0.0.0.0,26087,23,1638188558
0.0.0.0,17250,23,1638188618
0.0.0.0,10321,68,1638188618
1.2.3.4,62177,8080,1638188618
1.2.3.4,36630,68,1638188618
0.0.0.0,18115,443,1638188618
10.1.1.1,23683,22,1638188618
0.0.0.0,29806,22,1638188618
1.2.3.4,52789,8080,1638188618
10.1.1.1,23677,8080,1638188618
0.0.0.0,49744,23,1638188618
0.0.0.0,58184,23,1638188618
0.0.0.0,41135,23,1638188618
0.0.0.0,39629,68,1638188618
0.0.0.0,42494,8080,1638188618
1.2.3.4,32526,80,1638188618
1.2.3.4,22102,22,1638188618
1.2.3.4,35955,443,1638188618
1.2.3.4,58874,80,1638188618
0.0.0.0,62150,80,1638188618
1.2.3.4,24175,8080,1638188618
1.2.3.4,41114,80,1638188618
0.0.0.0,7437,23,1638188618
10.1.1.1,37470,22,1638188678
0.0.0.0,64137,23,1638188678
0.0.0.0,23438,23,1638188678
10.1.1.1,41577,443,1638188678
1.2.3.4,10921,443,1638188678
10.1.1.1,1675,8080,1638188678
10.1.1.1,38830,8080,1638188678
0.0.0.0,27636,68,1638188678
1.2.3.4,25323,22,1638188678
1.2.3.4,4867,80,1638188678
0.0.0.0,11821,443,1638188678
0.0.0.0,21852,68,1638188678
1.2.3.4,4358,443,1638188678
10.1.1.1,59012,8080,1638188678
1.2.3.4,21653,443,1638188678
1.2.3.4,15055,23,1638188678
0.0.0.0,43664,23,1638188678
10.1.1.1,19790,23,1638188678
1.2.3.4,53486,22,1638188678
10.1.1.1,36847,68,1638188678
10.1.1.1,36847,68,1638188690
10.1.1.1,36847,68,1638188700
10.1.1.1,36847,68,1638188730
10.1.1.1,36847,68,1638188800
0.0.0.0,36847,68,1638188690
10.1.1.1,36847,68,1638188730
1.2.3.4,36847,68,1638188800
